{"type":"internal","split":{"type":"continuous","featureIndex":2,"threshold":14.49}}
{"type":"internal","split":{"type":"continuous","featureIndex":2,"threshold":11.14}}
{"type":"internal","split":{"type":"continuous","featureIndex":6,"threshold":0.0}}
{"type":"internal","split":{"type":"continuous","featureIndex":3,"threshold":51011.0}}
{"type":"internal","split":{"type":"continuous","featureIndex":0,"threshold":27125.0}}
{"type":"leaf","values":[28142.0,3797.0]}
{"type":"leaf","values":[1.0,2.0]}
{"type":"internal","split":{"type":"continuous","featureIndex":2,"threshold":7.9}}
{"type":"leaf","values":[34347.0,1960.0]}
{"type":"leaf","values":[38521.0,4250.0]}
{"type":"internal","split":{"type":"continuous","featureIndex":3,"threshold":74936.0}}
{"type":"internal","split":{"type":"continuous","featureIndex":2,"threshold":7.9}}
{"type":"leaf","values":[336.0,22.0]}
{"type":"leaf","values":[2599.0,587.0]}
{"type":"internal","split":{"type":"continuous","featureIndex":1,"threshold":20.73}}
{"type":"leaf","values":[2928.0,380.0]}
{"type":"leaf","values":[734.0,159.0]}
{"type":"internal","split":{"type":"continuous","featureIndex":6,"threshold":0.0}}
{"type":"internal","split":{"type":"continuous","featureIndex":8,"threshold":0.0}}
{"type":"internal","split":{"type":"continuous","featureIndex":1,"threshold":20.73}}
{"type":"leaf","values":[41618.0,7469.0]}
{"type":"leaf","values":[19938.0,5456.0]}
{"type":"internal","split":{"type":"continuous","featureIndex":3,"threshold":49997.0}}
{"type":"leaf","values":[6395.0,1639.0]}
{"type":"leaf","values":[11142.0,1814.0]}
{"type":"internal","split":{"type":"continuous","featureIndex":1,"threshold":21.54}}
{"type":"internal","split":{"type":"continuous","featureIndex":4,"threshold":8.0}}
{"type":"leaf","values":[10593.0,3104.0]}
{"type":"leaf","values":[0.0,6.0]}
{"type":"internal","split":{"type":"continuous","featureIndex":2,"threshold":12.68}}
{"type":"leaf","values":[1129.0,408.0]}
{"type":"leaf","values":[2926.0,1502.0]}
{"type":"internal","split":{"type":"continuous","featureIndex":5,"threshold":0.0}}
{"type":"internal","split":{"type":"continuous","featureIndex":9,"threshold":0.0}}
{"type":"internal","split":{"type":"continuous","featureIndex":0,"threshold":9975.0}}
{"type":"internal","split":{"type":"continuous","featureIndex":8,"threshold":0.0}}
{"type":"leaf","values":[714.0,233.0]}
{"type":"leaf","values":[58.0,40.0]}
{"type":"internal","split":{"type":"continuous","featureIndex":0,"threshold":24975.0}}
{"type":"leaf","values":[7761.0,5174.0]}
{"type":"leaf","values":[3498.0,1972.0]}
{"type":"internal","split":{"type":"continuous","featureIndex":2,"threshold":17.56}}
{"type":"leaf","values":[9831.0,4668.0]}
{"type":"internal","split":{"type":"continuous","featureIndex":1,"threshold":25.02}}
{"type":"leaf","values":[11882.0,7720.0]}
{"type":"leaf","values":[3970.0,4243.0]}
{"type":"internal","split":{"type":"continuous","featureIndex":4,"threshold":11.0}}
{"type":"internal","split":{"type":"continuous","featureIndex":0,"threshold":4000.0}}
{"type":"internal","split":{"type":"continuous","featureIndex":3,"threshold":43000.0}}
{"type":"leaf","values":[3999.0,1343.0]}
{"type":"leaf","values":[4237.0,874.0]}
{"type":"internal","split":{"type":"continuous","featureIndex":3,"threshold":45000.0}}
{"type":"leaf","values":[16383.0,7236.0]}
{"type":"leaf","values":[33767.0,10553.0]}
{"type":"internal","split":{"type":"continuous","featureIndex":1,"threshold":26.15}}
{"type":"internal","split":{"type":"continuous","featureIndex":3,"threshold":68951.76}}
{"type":"leaf","values":[2.0,3.0]}
{"type":"leaf","values":[9.0,2.0]}
{"type":"internal","split":{"type":"continuous","featureIndex":4,"threshold":12.0}}
{"type":"leaf","values":[0.0,9.0]}
{"type":"leaf","values":[1.0,0.0]}
