{"type":"internal","split":{"type":"continuous","featureIndex":2,"threshold":15.59}}
{"type":"internal","split":{"type":"continuous","featureIndex":6,"threshold":0.0}}
{"type":"internal","split":{"type":"continuous","featureIndex":0,"threshold":20000.0}}
{"type":"internal","split":{"type":"continuous","featureIndex":2,"threshold":11.14}}
{"type":"internal","split":{"type":"continuous","featureIndex":2,"threshold":7.88}}
{"type":"leaf","values":[28191.0,1686.0]}
{"type":"leaf","values":[56581.0,6910.0]}
{"type":"internal","split":{"type":"continuous","featureIndex":1,"threshold":20.73}}
{"type":"leaf","values":[54393.0,10240.0]}
{"type":"leaf","values":[26730.0,7797.0]}
{"type":"internal","split":{"type":"continuous","featureIndex":7,"threshold":0.0}}
{"type":"internal","split":{"type":"continuous","featureIndex":2,"threshold":12.05}}
{"type":"leaf","values":[17518.0,1491.0]}
{"type":"leaf","values":[9414.0,1838.0]}
{"type":"internal","split":{"type":"continuous","featureIndex":2,"threshold":10.96}}
{"type":"leaf","values":[36.0,1.0]}
{"type":"leaf","values":[23.0,16.0]}
{"type":"internal","split":{"type":"continuous","featureIndex":2,"threshold":12.05}}
{"type":"internal","split":{"type":"continuous","featureIndex":7,"threshold":0.0}}
{"type":"internal","split":{"type":"continuous","featureIndex":1,"threshold":20.73}}
{"type":"leaf","values":[6221.0,1075.0]}
{"type":"leaf","values":[2256.0,629.0]}
{"type":"internal","split":{"type":"continuous","featureIndex":0,"threshold":5975.0}}
{"type":"leaf","values":[99.0,1.0]}
{"type":"leaf","values":[144.0,24.0]}
{"type":"internal","split":{"type":"continuous","featureIndex":1,"threshold":19.88}}
{"type":"internal","split":{"type":"continuous","featureIndex":3,"threshold":45000.0}}
{"type":"leaf","values":[1115.0,635.0]}
{"type":"leaf","values":[9677.0,2756.0]}
{"type":"internal","split":{"type":"continuous","featureIndex":2,"threshold":13.23}}
{"type":"leaf","values":[1635.0,666.0]}
{"type":"leaf","values":[4239.0,2161.0]}
{"type":"internal","split":{"type":"continuous","featureIndex":0,"threshold":10025.0}}
{"type":"internal","split":{"type":"continuous","featureIndex":0,"threshold":4000.0}}
{"type":"internal","split":{"type":"continuous","featureIndex":3,"threshold":59982.0}}
{"type":"internal","split":{"type":"continuous","featureIndex":6,"threshold":0.0}}
{"type":"leaf","values":[4805.0,1476.0]}
{"type":"leaf","values":[155.0,77.0]}
{"type":"internal","split":{"type":"continuous","featureIndex":9,"threshold":0.0}}
{"type":"leaf","values":[1410.0,205.0]}
{"type":"leaf","values":[615.0,138.0]}
{"type":"internal","split":{"type":"continuous","featureIndex":3,"threshold":40000.0}}
{"type":"internal","split":{"type":"continuous","featureIndex":6,"threshold":0.0}}
{"type":"leaf","values":[7481.0,3493.0]}
{"type":"leaf","values":[584.0,381.0]}
{"type":"internal","split":{"type":"continuous","featureIndex":2,"threshold":20.89}}
{"type":"leaf","values":[11878.0,3585.0]}
{"type":"leaf","values":[1215.0,570.0]}
{"type":"internal","split":{"type":"continuous","featureIndex":6,"threshold":0.0}}
{"type":"internal","split":{"type":"continuous","featureIndex":2,"threshold":16.29}}
{"type":"internal","split":{"type":"continuous","featureIndex":3,"threshold":54000.0}}
{"type":"leaf","values":[1666.0,669.0]}
{"type":"leaf","values":[3955.0,959.0]}
{"type":"internal","split":{"type":"continuous","featureIndex":0,"threshold":34750.0}}
{"type":"leaf","values":[12179.0,5265.0]}
{"type":"leaf","values":[1367.0,472.0]}
{"type":"internal","split":{"type":"continuous","featureIndex":1,"threshold":24.01}}
{"type":"internal","split":{"type":"continuous","featureIndex":2,"threshold":18.75}}
{"type":"leaf","values":[11870.0,5859.0]}
{"type":"leaf","values":[11124.0,7917.0]}
{"type":"internal","split":{"type":"continuous","featureIndex":1,"threshold":28.98}}
{"type":"leaf","values":[4333.0,3522.0]}
{"type":"leaf","values":[3635.0,4034.0]}
