{"type":"internal","split":{"type":"continuous","featureIndex":2,"threshold":14.49}}
{"type":"internal","split":{"type":"continuous","featureIndex":6,"threshold":0.0}}
{"type":"internal","split":{"type":"continuous","featureIndex":3,"threshold":51011.0}}
{"type":"internal","split":{"type":"continuous","featureIndex":2,"threshold":11.14}}
{"type":"internal","split":{"type":"continuous","featureIndex":3,"threshold":43000.0}}
{"type":"leaf","values":[16796.0,2577.0]}
{"type":"leaf","values":[10632.0,1213.0]}
{"type":"internal","split":{"type":"continuous","featureIndex":1,"threshold":21.54}}
{"type":"leaf","values":[19612.0,4373.0]}
{"type":"leaf","values":[11401.0,3385.0]}
{"type":"internal","split":{"type":"continuous","featureIndex":9,"threshold":0.0}}
{"type":"internal","split":{"type":"continuous","featureIndex":2,"threshold":9.91}}
{"type":"leaf","values":[25994.0,1783.0]}
{"type":"leaf","values":[26796.0,4217.0]}
{"type":"internal","split":{"type":"continuous","featureIndex":2,"threshold":11.14}}
{"type":"leaf","values":[38861.0,3281.0]}
{"type":"leaf","values":[29267.0,5427.0]}
{"type":"internal","split":{"type":"continuous","featureIndex":1,"threshold":20.73}}
{"type":"internal","split":{"type":"continuous","featureIndex":1,"threshold":7.9}}
{"type":"internal","split":{"type":"continuous","featureIndex":3,"threshold":68951.76}}
{"type":"leaf","values":[872.0,237.0]}
{"type":"leaf","values":[1904.0,268.0]}
{"type":"internal","split":{"type":"continuous","featureIndex":3,"threshold":65000.0}}
{"type":"leaf","values":[4119.0,1408.0]}
{"type":"leaf","values":[8101.0,1851.0]}
{"type":"internal","split":{"type":"continuous","featureIndex":2,"threshold":11.14}}
{"type":"internal","split":{"type":"continuous","featureIndex":2,"threshold":8.88}}
{"type":"leaf","values":[348.0,46.0]}
{"type":"leaf","values":[1224.0,305.0]}
{"type":"internal","split":{"type":"continuous","featureIndex":1,"threshold":27.55}}
{"type":"leaf","values":[3080.0,1356.0]}
{"type":"leaf","values":[1408.0,787.0]}
{"type":"internal","split":{"type":"continuous","featureIndex":5,"threshold":0.0}}
{"type":"internal","split":{"type":"continuous","featureIndex":1,"threshold":20.73}}
{"type":"internal","split":{"type":"continuous","featureIndex":7,"threshold":0.0}}
{"type":"internal","split":{"type":"continuous","featureIndex":2,"threshold":18.75}}
{"type":"leaf","values":[13436.0,5914.0]}
{"type":"leaf","values":[9714.0,6346.0]}
{"type":"internal","split":{"type":"continuous","featureIndex":4,"threshold":2.0}}
{"type":"leaf","values":[159.0,74.0]}
{"type":"leaf","values":[1.0,5.0]}
{"type":"internal","split":{"type":"continuous","featureIndex":2,"threshold":16.29}}
{"type":"internal","split":{"type":"continuous","featureIndex":1,"threshold":30.74}}
{"type":"leaf","values":[2749.0,1398.0]}
{"type":"leaf","values":[547.0,454.0]}
{"type":"internal","split":{"type":"continuous","featureIndex":3,"threshold":60000.0}}
{"type":"leaf","values":[5001.0,5368.0]}
{"type":"leaf","values":[6123.0,4690.0]}
{"type":"internal","split":{"type":"continuous","featureIndex":3,"threshold":45000.0}}
{"type":"internal","split":{"type":"continuous","featureIndex":0,"threshold":4000.0}}
{"type":"internal","split":{"type":"continuous","featureIndex":3,"threshold":29800.0}}
{"type":"leaf","values":[1826.0,638.0]}
{"type":"leaf","values":[2729.0,771.0]}
{"type":"internal","split":{"type":"continuous","featureIndex":1,"threshold":21.54}}
{"type":"leaf","values":[9453.0,3415.0]}
{"type":"leaf","values":[7110.0,3770.0]}
{"type":"internal","split":{"type":"continuous","featureIndex":0,"threshold":11000.0}}
{"type":"internal","split":{"type":"continuous","featureIndex":2,"threshold":16.29}}
{"type":"leaf","values":[8165.0,1815.0]}
{"type":"leaf","values":[10144.0,2901.0]}
{"type":"internal","split":{"type":"continuous","featureIndex":2,"threshold":16.29}}
{"type":"leaf","values":[9124.0,2293.0]}
{"type":"leaf","values":[10581.0,4012.0]}
