{"type":"internal","split":{"type":"continuous","featureIndex":1,"threshold":21.54}}
{"type":"internal","split":{"type":"continuous","featureIndex":6,"threshold":0.0}}
{"type":"internal","split":{"type":"continuous","featureIndex":2,"threshold":12.29}}
{"type":"internal","split":{"type":"continuous","featureIndex":2,"threshold":7.9}}
{"type":"internal","split":{"type":"continuous","featureIndex":3,"threshold":55992.0}}
{"type":"leaf","values":[9268.0,812.0]}
{"type":"leaf","values":[26764.0,1339.0]}
{"type":"internal","split":{"type":"continuous","featureIndex":2,"threshold":11.14}}
{"type":"leaf","values":[42773.0,4763.0]}
{"type":"leaf","values":[17964.0,2720.0]}
{"type":"internal","split":{"type":"continuous","featureIndex":3,"threshold":38400.0}}
{"type":"internal","split":{"type":"continuous","featureIndex":2,"threshold":14.49}}
{"type":"leaf","values":[6058.0,1604.0]}
{"type":"leaf","values":[7721.0,2868.0]}
{"type":"internal","split":{"type":"continuous","featureIndex":2,"threshold":15.59}}
{"type":"leaf","values":[39378.0,7119.0]}
{"type":"leaf","values":[23978.0,6747.0]}
{"type":"internal","split":{"type":"continuous","featureIndex":3,"threshold":70500.0}}
{"type":"internal","split":{"type":"continuous","featureIndex":2,"threshold":16.29}}
{"type":"internal","split":{"type":"continuous","featureIndex":2,"threshold":13.23}}
{"type":"leaf","values":[3868.0,1059.0]}
{"type":"leaf","values":[5206.0,2413.0]}
{"type":"internal","split":{"type":"continuous","featureIndex":0,"threshold":9975.0}}
{"type":"leaf","values":[531.0,259.0]}
{"type":"leaf","values":[6965.0,5332.0]}
{"type":"internal","split":{"type":"continuous","featureIndex":2,"threshold":15.59}}
{"type":"internal","split":{"type":"continuous","featureIndex":2,"threshold":12.29}}
{"type":"leaf","values":[4839.0,706.0]}
{"type":"leaf","values":[6285.0,1703.0]}
{"type":"internal","split":{"type":"continuous","featureIndex":3,"threshold":93100.0}}
{"type":"leaf","values":[4948.0,2677.0]}
{"type":"leaf","values":[7289.0,3016.0]}
{"type":"internal","split":{"type":"continuous","featureIndex":0,"threshold":10000.0}}
{"type":"internal","split":{"type":"continuous","featureIndex":2,"threshold":12.68}}
{"type":"internal","split":{"type":"continuous","featureIndex":2,"threshold":7.9}}
{"type":"internal","split":{"type":"continuous","featureIndex":4,"threshold":5.0}}
{"type":"leaf","values":[3472.0,446.0]}
{"type":"leaf","values":[2.0,5.0]}
{"type":"internal","split":{"type":"continuous","featureIndex":1,"threshold":33.48}}
{"type":"leaf","values":[10355.0,2077.0]}
{"type":"leaf","values":[779.0,230.0]}
{"type":"internal","split":{"type":"continuous","featureIndex":2,"threshold":16.29}}
{"type":"internal","split":{"type":"continuous","featureIndex":1,"threshold":33.48}}
{"type":"leaf","values":[11249.0,3495.0]}
{"type":"leaf","values":[1155.0,579.0]}
{"type":"internal","split":{"type":"continuous","featureIndex":4,"threshold":0.0}}
{"type":"leaf","values":[5498.0,2732.0]}
{"type":"leaf","values":[1342.0,589.0]}
{"type":"internal","split":{"type":"continuous","featureIndex":2,"threshold":14.49}}
{"type":"internal","split":{"type":"continuous","featureIndex":2,"threshold":11.14}}
{"type":"internal","split":{"type":"continuous","featureIndex":2,"threshold":7.9}}
{"type":"leaf","values":[5008.0,402.0]}
{"type":"leaf","values":[8515.0,1415.0]}
{"type":"internal","split":{"type":"continuous","featureIndex":5,"threshold":0.0}}
{"type":"leaf","values":[3840.0,1724.0]}
{"type":"leaf","values":[11050.0,2917.0]}
{"type":"internal","split":{"type":"continuous","featureIndex":6,"threshold":0.0}}
{"type":"internal","split":{"type":"continuous","featureIndex":2,"threshold":17.56}}
{"type":"leaf","values":[4960.0,1961.0]}
{"type":"leaf","values":[3366.0,1882.0]}
{"type":"internal","split":{"type":"continuous","featureIndex":2,"threshold":17.56}}
{"type":"leaf","values":[4404.0,2878.0]}
{"type":"leaf","values":[8110.0,7709.0]}
