{
  "name": "feature_assembler_rf",
  "shape": {
    "inputs": [{
      "port": "input0",
      "name": "loan_amnt"
    }, {
      "port": "input1",
      "name": "dti"
    }, {
      "port": "input2",
      "name": "int_rate"
    }, {
      "port": "input3",
      "name": "annual_inc"
    }, {
      "port": "input4",
      "name": "delinq_2yrs"
    }, {
      "port": "input5",
      "name": "term_ 36 months"
    }, {
      "port": "input6",
      "name": "term_ 60 months"
    }, {
      "port": "input7",
      "name": "purpose_car"
    }, {
      "port": "input8",
      "name": "purpose_credit_card"
    }, {
      "port": "input9",
      "name": "purpose_debt_consolidation"
    }, {
      "port": "input10",
      "name": "purpose_educational"
    }],
    "outputs": [{
      "port": "output",
      "name": "features_rf"
    }]
  }
}