{"type":"internal","split":{"type":"continuous","featureIndex":6,"threshold":0.0}}
{"type":"internal","split":{"type":"continuous","featureIndex":2,"threshold":12.68}}
{"type":"internal","split":{"type":"continuous","featureIndex":2,"threshold":7.9}}
{"type":"internal","split":{"type":"continuous","featureIndex":7,"threshold":0.0}}
{"type":"internal","split":{"type":"continuous","featureIndex":3,"threshold":60000.0}}
{"type":"leaf","values":[15151.0,1371.0]}
{"type":"leaf","values":[28528.0,1554.0]}
{"type":"internal","split":{"type":"continuous","featureIndex":0,"threshold":18000.0}}
{"type":"leaf","values":[904.0,32.0]}
{"type":"leaf","values":[27.0,6.0]}
{"type":"internal","split":{"type":"continuous","featureIndex":2,"threshold":11.14}}
{"type":"internal","split":{"type":"continuous","featureIndex":4,"threshold":2.0}}
{"type":"leaf","values":[55475.0,6790.0]}
{"type":"leaf","values":[1157.0,203.0]}
{"type":"internal","split":{"type":"continuous","featureIndex":1,"threshold":17.08}}
{"type":"leaf","values":[17063.0,2485.0]}
{"type":"leaf","values":[15381.0,3314.0]}
{"type":"internal","split":{"type":"continuous","featureIndex":1,"threshold":23.16}}
{"type":"internal","split":{"type":"continuous","featureIndex":3,"threshold":40000.0}}
{"type":"internal","split":{"type":"continuous","featureIndex":2,"threshold":15.59}}
{"type":"leaf","values":[9504.0,2648.0]}
{"type":"leaf","values":[8065.0,3167.0]}
{"type":"internal","split":{"type":"continuous","featureIndex":3,"threshold":80000.0}}
{"type":"leaf","values":[38547.0,9547.0]}
{"type":"leaf","values":[21993.0,4218.0]}
{"type":"internal","split":{"type":"continuous","featureIndex":1,"threshold":33.48}}
{"type":"internal","split":{"type":"continuous","featureIndex":0,"threshold":2975.0}}
{"type":"leaf","values":[1402.0,308.0]}
{"type":"leaf","values":[23003.0,8707.0]}
{"type":"internal","split":{"type":"continuous","featureIndex":4,"threshold":8.0}}
{"type":"leaf","values":[3223.0,1783.0]}
{"type":"leaf","values":[1.0,7.0]}
{"type":"internal","split":{"type":"continuous","featureIndex":3,"threshold":70500.0}}
{"type":"internal","split":{"type":"continuous","featureIndex":4,"threshold":0.0}}
{"type":"internal","split":{"type":"continuous","featureIndex":1,"threshold":25.02}}
{"type":"internal","split":{"type":"continuous","featureIndex":1,"threshold":16.42}}
{"type":"leaf","values":[8616.0,4181.0]}
{"type":"leaf","values":[8964.0,5641.0]}
{"type":"internal","split":{"type":"continuous","featureIndex":2,"threshold":16.29}}
{"type":"leaf","values":[2440.0,1397.0]}
{"type":"leaf","values":[3407.0,3822.0]}
{"type":"internal","split":{"type":"continuous","featureIndex":1,"threshold":24.01}}
{"type":"internal","split":{"type":"continuous","featureIndex":0,"threshold":9975.0}}
{"type":"leaf","values":[220.0,56.0]}
{"type":"leaf","values":[2695.0,1727.0]}
{"type":"internal","split":{"type":"continuous","featureIndex":3,"threshold":43000.0}}
{"type":"leaf","values":[228.0,358.0]}
{"type":"leaf","values":[905.0,828.0]}
{"type":"internal","split":{"type":"continuous","featureIndex":1,"threshold":18.45}}
{"type":"internal","split":{"type":"continuous","featureIndex":2,"threshold":16.29}}
{"type":"internal","split":{"type":"continuous","featureIndex":4,"threshold":2.0}}
{"type":"leaf","values":[10957.0,2421.0]}
{"type":"leaf","values":[200.0,94.0]}
{"type":"internal","split":{"type":"continuous","featureIndex":3,"threshold":93100.0}}
{"type":"leaf","values":[3248.0,1734.0]}
{"type":"leaf","values":[5305.0,2206.0]}
{"type":"internal","split":{"type":"continuous","featureIndex":2,"threshold":16.29}}
{"type":"internal","split":{"type":"continuous","featureIndex":3,"threshold":93100.0}}
{"type":"leaf","values":[2936.0,1125.0]}
{"type":"leaf","values":[2568.0,836.0]}
{"type":"internal","split":{"type":"continuous","featureIndex":1,"threshold":24.01}}
{"type":"leaf","values":[3181.0,1889.0]}
{"type":"leaf","values":[2566.0,2159.0]}
